[
  {
    "pk": 0, 
    "model": "entrega.cliente", 
    "fields": {
      "ramal": "", 
      "complemento": "", 
      "nome": "Cliente #0000", 
      "fone": "2226-4852", 
      "logradouro": "Rua Harmonia", 
      "numero": 2000, 
      "obs": "", 
      "email": ""
    }
  }, 
  {
    "pk": 19, 
    "model": "entrega.cliente", 
    "fields": {
      "ramal": "", 
      "complemento": "", 
      "nome": "Cliente #0019", 
      "fone": "2356-5668", 
      "logradouro": "Rua Fidalga", 
      "numero": 2019, 
      "obs": "", 
      "email": ""
    }
  }, 
  {
    "pk": 5, 
    "model": "entrega.cliente", 
    "fields": {
      "ramal": "", 
      "complemento": "", 
      "nome": "Cliente #0005", 
      "fone": "2930-3409", 
      "logradouro": "Rua Girassol", 
      "numero": 2005, 
      "obs": "", 
      "email": ""
    }
  }, 
  {
    "pk": 12, 
    "model": "entrega.cliente", 
    "fields": {
      "ramal": "", 
      "complemento": "", 
      "nome": "Cliente #0012", 
      "fone": "2945-3247", 
      "logradouro": "Rua Fidalga", 
      "numero": 2012, 
      "obs": "", 
      "email": ""
    }
  }, 
  {
    "pk": 15, 
    "model": "entrega.cliente", 
    "fields": {
      "ramal": "", 
      "complemento": "", 
      "nome": "Cliente #0015", 
      "fone": "2957-4950", 
      "logradouro": "Rua Harmonia", 
      "numero": 2015, 
      "obs": "", 
      "email": ""
    }
  }, 
  {
    "pk": 4, 
    "model": "entrega.cliente", 
    "fields": {
      "ramal": "", 
      "complemento": "", 
      "nome": "Cliente #0004", 
      "fone": "3565-1173", 
      "logradouro": "Rua Fidalga", 
      "numero": 2004, 
      "obs": "", 
      "email": ""
    }
  }, 
  {
    "pk": 1, 
    "model": "entrega.cliente", 
    "fields": {
      "ramal": "", 
      "complemento": "", 
      "nome": "Cliente #0001", 
      "fone": "3580-6842", 
      "logradouro": "Rua Fidalga", 
      "numero": 2001, 
      "obs": "", 
      "email": ""
    }
  }, 
  {
    "pk": 2, 
    "model": "entrega.cliente", 
    "fields": {
      "ramal": "", 
      "complemento": "", 
      "nome": "Cliente #0002", 
      "fone": "3640-1829", 
      "logradouro": "Rua Fidalga", 
      "numero": 2002, 
      "obs": "", 
      "email": ""
    }
  }, 
  {
    "pk": 11, 
    "model": "entrega.cliente", 
    "fields": {
      "ramal": "", 
      "complemento": "", 
      "nome": "Cliente #0011", 
      "fone": "3679-7841", 
      "logradouro": "Rua Fidalga", 
      "numero": 2011, 
      "obs": "", 
      "email": ""
    }
  }, 
  {
    "pk": 8, 
    "model": "entrega.cliente", 
    "fields": {
      "ramal": "", 
      "complemento": "", 
      "nome": "Cliente #0008", 
      "fone": "3840-9820", 
      "logradouro": "Rua Harmonia", 
      "numero": 2008, 
      "obs": "", 
      "email": ""
    }
  }, 
  {
    "pk": 7, 
    "model": "entrega.cliente", 
    "fields": {
      "ramal": "", 
      "complemento": "", 
      "nome": "Cliente #0007", 
      "fone": "3863-1918", 
      "logradouro": "Rua Girassol", 
      "numero": 2007, 
      "obs": "", 
      "email": ""
    }
  }, 
  {
    "pk": 10, 
    "model": "entrega.cliente", 
    "fields": {
      "ramal": "", 
      "complemento": "", 
      "nome": "Cliente #0010", 
      "fone": "3888-9805", 
      "logradouro": "Rua Fidalga", 
      "numero": 2010, 
      "obs": "", 
      "email": ""
    }
  }, 
  {
    "pk": 14, 
    "model": "entrega.cliente", 
    "fields": {
      "ramal": "", 
      "complemento": "", 
      "nome": "Cliente #0014", 
      "fone": "4028-0774", 
      "logradouro": "Rua Girassol", 
      "numero": 2014, 
      "obs": "", 
      "email": ""
    }
  }, 
  {
    "pk": 3, 
    "model": "entrega.cliente", 
    "fields": {
      "ramal": "", 
      "complemento": "", 
      "nome": "Cliente #0003", 
      "fone": "4085-8333", 
      "logradouro": "Rua Fidalga", 
      "numero": 2003, 
      "obs": "", 
      "email": ""
    }
  }, 
  {
    "pk": 16, 
    "model": "entrega.cliente", 
    "fields": {
      "ramal": "", 
      "complemento": "", 
      "nome": "Cliente #0016", 
      "fone": "4265-4419", 
      "logradouro": "Rua Fidalga", 
      "numero": 2016, 
      "obs": "", 
      "email": ""
    }
  }, 
  {
    "pk": 18, 
    "model": "entrega.cliente", 
    "fields": {
      "ramal": "", 
      "complemento": "", 
      "nome": "Cliente #0018", 
      "fone": "4311-1248", 
      "logradouro": "Rua Fidalga", 
      "numero": 2018, 
      "obs": "", 
      "email": ""
    }
  }, 
  {
    "pk": 6, 
    "model": "entrega.cliente", 
    "fields": {
      "ramal": "", 
      "complemento": "", 
      "nome": "Cliente #0006", 
      "fone": "4335-0569", 
      "logradouro": "Rua Girassol", 
      "numero": 2006, 
      "obs": "", 
      "email": ""
    }
  }, 
  {
    "pk": 9, 
    "model": "entrega.cliente", 
    "fields": {
      "ramal": "", 
      "complemento": "", 
      "nome": "Cliente #0009", 
      "fone": "4376-3819", 
      "logradouro": "Rua Fidalga", 
      "numero": 2009, 
      "obs": "", 
      "email": ""
    }
  }, 
  {
    "pk": 17, 
    "model": "entrega.cliente", 
    "fields": {
      "ramal": "", 
      "complemento": "", 
      "nome": "Cliente #0017", 
      "fone": "4523-2806", 
      "logradouro": "Rua Girassol", 
      "numero": 2017, 
      "obs": "", 
      "email": ""
    }
  }, 
  {
    "pk": 13, 
    "model": "entrega.cliente", 
    "fields": {
      "ramal": "", 
      "complemento": "", 
      "nome": "Cliente #0013", 
      "fone": "4530-8636", 
      "logradouro": "Rua Girassol", 
      "numero": 2013, 
      "obs": "", 
      "email": ""
    }
  }, 
  {
    "pk": 1, 
    "model": "entrega.pedido", 
    "fields": {
      "inclusao": "2012-03-28T01:21:57.539", 
      "pronto": false, 
      "cliente": 1, 
      "partida": null, 
      "entregador": null
    }
  }, 
  {
    "pk": 2, 
    "model": "entrega.pedido", 
    "fields": {
      "inclusao": "2012-03-27T22:37:42.623", 
      "pronto": false, 
      "cliente": 2, 
      "partida": null, 
      "entregador": null
    }
  }, 
  {
    "pk": 3, 
    "model": "entrega.pedido", 
    "fields": {
      "inclusao": "2012-03-27T22:51:11.488", 
      "pronto": true, 
      "cliente": 0, 
      "partida": "22:51:20", 
      "entregador": 1
    }
  }, 
  {
    "pk": 4, 
    "model": "entrega.pedido", 
    "fields": {
      "inclusao": "2012-03-29T21:27:00.600", 
      "pronto": false, 
      "cliente": 0, 
      "partida": null, 
      "entregador": null
    }
  }, 
  {
    "pk": 5, 
    "model": "entrega.pedido", 
    "fields": {
      "inclusao": "2012-03-29T21:31:35.680", 
      "pronto": false, 
      "cliente": 14, 
      "partida": null, 
      "entregador": null
    }
  }, 
  {
    "pk": 6, 
    "model": "entrega.pedido", 
    "fields": {
      "inclusao": "2012-03-29T21:32:06.675", 
      "pronto": false, 
      "cliente": 19, 
      "partida": null, 
      "entregador": null
    }
  }, 
  {
    "pk": 7, 
    "model": "entrega.pedido", 
    "fields": {
      "inclusao": "2012-03-29T21:32:26.141", 
      "pronto": false, 
      "cliente": 5, 
      "partida": null, 
      "entregador": null
    }
  }, 
  {
    "pk": 8, 
    "model": "entrega.pedido", 
    "fields": {
      "inclusao": "2012-03-29T21:32:52.497", 
      "pronto": false, 
      "cliente": 19, 
      "partida": null, 
      "entregador": null
    }
  }, 
  {
    "pk": 9, 
    "model": "entrega.pedido", 
    "fields": {
      "inclusao": "2012-03-29T22:20:16.426", 
      "pronto": false, 
      "cliente": 14, 
      "partida": null, 
      "entregador": null
    }
  }, 
  {
    "pk": 1, 
    "model": "entrega.pizza", 
    "fields": {
      "pedido": 4, 
      "sabor1": "mussarela", 
      "sabor2": "portuguesa", 
      "coberto2": false, 
      "coberto1": true, 
      "obs": "dfdsfsdfsdf"
    }
  }, 
  {
    "pk": 2, 
    "model": "entrega.pizza", 
    "fields": {
      "pedido": 4, 
      "sabor1": "portuguesa", 
      "sabor2": "atum", 
      "coberto2": false, 
      "coberto1": false, 
      "obs": "cvsdsdsdfd"
    }
  }, 
  {
    "pk": 3, 
    "model": "entrega.pizza", 
    "fields": {
      "pedido": 5, 
      "sabor1": "mussarela", 
      "sabor2": "", 
      "coberto2": false, 
      "coberto1": true, 
      "obs": "sem cebola"
    }
  }, 
  {
    "pk": 4, 
    "model": "entrega.pizza", 
    "fields": {
      "pedido": 6, 
      "sabor1": "atum", 
      "sabor2": "", 
      "coberto2": false, 
      "coberto1": false, 
      "obs": ""
    }
  }, 
  {
    "pk": 5, 
    "model": "entrega.pizza", 
    "fields": {
      "pedido": 6, 
      "sabor1": "portuguesa", 
      "sabor2": "", 
      "coberto2": false, 
      "coberto1": true, 
      "obs": ""
    }
  }, 
  {
    "pk": 6, 
    "model": "entrega.pizza", 
    "fields": {
      "pedido": 7, 
      "sabor1": "calabresa", 
      "sabor2": "mussarela", 
      "coberto2": true, 
      "coberto1": true, 
      "obs": ""
    }
  }, 
  {
    "pk": 7, 
    "model": "entrega.pizza", 
    "fields": {
      "pedido": 8, 
      "sabor1": "portuguesa", 
      "sabor2": "", 
      "coberto2": false, 
      "coberto1": true, 
      "obs": "muita cebola"
    }
  }, 
  {
    "pk": 8, 
    "model": "entrega.pizza", 
    "fields": {
      "pedido": 9, 
      "sabor1": "mussarela", 
      "sabor2": "", 
      "coberto2": false, 
      "coberto1": false, 
      "obs": ""
    }
  }, 
  {
    "pk": 9, 
    "model": "entrega.pizza", 
    "fields": {
      "pedido": 9, 
      "sabor1": "calabresa", 
      "sabor2": "portuguesa", 
      "coberto2": true, 
      "coberto1": false, 
      "obs": ""
    }
  }, 
  {
    "pk": 1, 
    "model": "entrega.entregador", 
    "fields": {
      "nome": "Ze Estrela"
    }
  }, 
  {
    "pk": 2, 
    "model": "entrega.entregador", 
    "fields": {
      "nome": "Chic\u00e3o"
    }
  }
]